<?xml version="1.0" encoding="UTF-8" standalone="no"?>
<module codename="com.github.philippefichet.sonarlint4netbeans/1">
    <module_version install_time="1619283755244" last="false" origin="NetBeans Plugin Portal" specification_version="2.3.0">
        <file crc="1946289000" name="config/Modules/com-github-philippefichet-sonarlint4netbeans.xml"/>
        <file crc="2695124086" name="modules/com-github-philippefichet-sonarlint4netbeans.jar"/>
        <file crc="2857669946" name="modules/ext/com.github.philippefichet.sonarlint4netbeans/com-google-code-gson/gson.jar"/>
        <file crc="543447949" name="modules/ext/com.github.philippefichet.sonarlint4netbeans/net-bytebuddy/byte-buddy-agent.jar"/>
        <file crc="406986038" name="modules/ext/com.github.philippefichet.sonarlint4netbeans/net-bytebuddy/byte-buddy.jar"/>
        <file crc="1371600603" name="modules/ext/com.github.philippefichet.sonarlint4netbeans/org-sonarsource-sonarlint-core/sonarlint-client-api.jar"/>
        <file crc="2369612865" name="modules/ext/com.github.philippefichet.sonarlint4netbeans/org-sonarsource-sonarlint-core/sonarlint-core.jar"/>
        <file crc="1409778007" name="update_tracking/com-github-philippefichet-sonarlint4netbeans.xml"/>
    </module_version>
    <module_version install_time="1623160020273" last="false" origin="NetBeans Plugin Portal" specification_version="2.4.0">
        <file crc="1946289000" name="config/Modules/com-github-philippefichet-sonarlint4netbeans.xml"/>
        <file crc="3844566139" name="modules/com-github-philippefichet-sonarlint4netbeans.jar"/>
        <file crc="2857669946" name="modules/ext/com.github.philippefichet.sonarlint4netbeans/com-google-code-gson/gson.jar"/>
        <file crc="3659017260" name="modules/ext/com.github.philippefichet.sonarlint4netbeans/org-sonarsource-sonarlint-core/sonarlint-core.jar"/>
        <file crc="425843813" name="update_tracking/com-github-philippefichet-sonarlint4netbeans.xml"/>
    </module_version>
    <module_version install_time="1636067401101" last="true" origin="NetBeans Plugin Portal" specification_version="2.5.0">
        <file crc="1946289000" name="config/Modules/com-github-philippefichet-sonarlint4netbeans.xml"/>
        <file crc="2923153966" name="modules/com-github-philippefichet-sonarlint4netbeans.jar"/>
        <file crc="2951600616" name="modules/ext/com.github.philippefichet.sonarlint4netbeans/com-google-code-findbugs/jsr305.jar"/>
        <file crc="600354152" name="modules/ext/com.github.philippefichet.sonarlint4netbeans/com-google-code-gson/gson.jar"/>
        <file crc="1339342972" name="modules/ext/com.github.philippefichet.sonarlint4netbeans/org-apache-commons/commons-lang3.jar"/>
        <file crc="2314871912" name="modules/ext/com.github.philippefichet.sonarlint4netbeans/org-apache-commons/commons-text.jar"/>
        <file crc="2326367363" name="modules/ext/com.github.philippefichet.sonarlint4netbeans/org-sonarsource-javascript/nodejs-utils.jar"/>
        <file crc="2613708503" name="modules/ext/com.github.philippefichet.sonarlint4netbeans/org-sonarsource-sonarlint-core/sonarlint-core.jar"/>
        <file crc="1489108201" name="update_tracking/com-github-philippefichet-sonarlint4netbeans.xml"/>
    </module_version>
</module>
