<?xml version="1.0" encoding="UTF-8" standalone="no"?>
<module codename="org.netbeans.modules.nbjavac.impl">
    <module_version install_time="1619280524741" last="false" origin="Third Party Libraries" specification_version="2.4">
        <file crc="2308839876" name="config/Modules/org-netbeans-modules-nbjavac-impl.xml"/>
        <file crc="1851126890" name="modules/ext/nb-javac-15.0.0.2-impl.jar"/>
        <file crc="2264887623" name="modules/org-netbeans-modules-nbjavac-impl.jar"/>
    </module_version>
    <module_version install_time="1619532395317" last="true" origin="Third Party Libraries" specification_version="2.4">
        <file crc="2308839876" name="config/Modules/org-netbeans-modules-nbjavac-impl.xml"/>
        <file crc="1851126890" name="modules/ext/nb-javac-15.0.0.2-impl.jar"/>
        <file crc="2264887623" name="modules/org-netbeans-modules-nbjavac-impl.jar"/>
    </module_version>
</module>
