<?xml version="1.0" encoding="UTF-8" standalone="no"?>
<module codename="org.netbeans.modules.nbjavac">
    <module_version install_time="1619280524726" last="false" origin="Third Party Libraries" specification_version="2.0">
        <file crc="684569144" name="config/Modules/org-netbeans-modules-nbjavac.xml"/>
        <file crc="3467261657" name="modules/org-netbeans-modules-nbjavac.jar"/>
    </module_version>
    <module_version install_time="1619532395279" last="true" origin="Third Party Libraries" specification_version="2.0">
        <file crc="684569144" name="config/Modules/org-netbeans-modules-nbjavac.xml"/>
        <file crc="3467261657" name="modules/org-netbeans-modules-nbjavac.jar"/>
    </module_version>
</module>
