<?xml version="1.0" encoding="UTF-8"?>
<!DOCTYPE platform PUBLIC "-//NetBeans//DTD Java PlatformDefinition 1.0//EN" "http://www.netbeans.org/dtds/java-platformdefinition-1_0.dtd">
<platform default="no" name="JDK 1.8_281">
    <jdkhome>
        <resource>file:/C:/Program%20Files/Java/jdk1.8.0_281/</resource>
    </jdkhome>
    <properties>
        <property name="platform.ant.name" value="JDK_1.8_281"/>
    </properties>
    <sysproperties>
        <property name="awt.toolkit" value="sun.awt.windows.WToolkit"/>
        <property name="file.encoding" value="Cp1252"/>
        <property name="file.encoding.pkg" value="sun.io"/>
        <property name="file.separator" value="\"/>
        <property name="java.awt.graphicsenv" value="sun.awt.Win32GraphicsEnvironment"/>
        <property name="java.awt.printerjob" value="sun.awt.windows.WPrinterJob"/>
        <property name="java.class.path" value=""/>
        <property name="java.class.version" value="52.0"/>
        <property name="java.endorsed.dirs" value="C:\Program Files\Java\jdk1.8.0_281\jre\lib\endorsed"/>
        <property name="java.ext.dirs" value="C:\Program Files\Java\jdk1.8.0_281\jre\lib\ext;C:\Windows\Sun\Java\lib\ext"/>
        <property name="java.home" value="C:\Program Files\Java\jdk1.8.0_281\jre"/>
        <property name="java.io.tmpdir" value="C:\Users\Edwin\AppData\Local\Temp\"/>
        <property name="java.library.path" value="C:\Program Files\Java\jdk1.8.0_281\bin;C:\Windows\Sun\Java\bin;C:\Windows\system32;C:\Windows;C:\Program Files (x86)\VMware\VMware Player\bin\;C:\Program Files\Common Files\Oracle\Java\javapath;C:\oraclexe\app\oracle\product\11.2.0\server\bin;C:\Program Files (x86)\Common Files\Oracle\Java\javapath;C:\Windows\system32;C:\Windows;C:\Windows\System32\Wbem;C:\Windows\System32\WindowsPowerShell\v1.0\;C:\Windows\System32\OpenSSH\;C:\Program Files\Git\cmd;C:\Program Files (x86)\GitExtensions\;C:\Program Files\TortoiseSVN\bin;D:\apache-maven-3.6.3\bin;C:\Program Files\Java\jre1.8.0_281\bin;C:\Program Files\nodejs\;C:\Users\Edwin\AppData\Local\Microsoft\WindowsApps;;C:\Users\Edwin\AppData\Local\Programs\Microsoft VS Code\bin;C:\Users\Edwin\AppData\Roaming\npm;."/>
        <property name="java.runtime.name" value="Java(TM) SE Runtime Environment"/>
        <property name="java.runtime.version" value="1.8.0_281-b09"/>
        <property name="java.specification.name" value="Java Platform API Specification"/>
        <property name="java.specification.vendor" value="Oracle Corporation"/>
        <property name="java.specification.version" value="1.8"/>
        <property name="java.vendor" value="Oracle Corporation"/>
        <property name="java.vendor.url" value="http://java.oracle.com/"/>
        <property name="java.vendor.url.bug" value="http://bugreport.sun.com/bugreport/"/>
        <property name="java.version" value="1.8.0_281"/>
        <property name="java.vm.info" value="mixed mode"/>
        <property name="java.vm.name" value="Java HotSpot(TM) 64-Bit Server VM"/>
        <property name="java.vm.specification.name" value="Java Virtual Machine Specification"/>
        <property name="java.vm.specification.vendor" value="Oracle Corporation"/>
        <property name="java.vm.specification.version" value="1.8"/>
        <property name="java.vm.vendor" value="Oracle Corporation"/>
        <property name="java.vm.version" value="25.281-b09"/>
        <property name="line.separator" value="&#13;&#10;"/>
        <property name="os.arch" value="amd64"/>
        <property name="os.name" value="Windows 10"/>
        <property name="os.version" value="10.0"/>
        <property name="path.separator" value=";"/>
        <property name="sun.arch.data.model" value="64"/>
        <property name="sun.boot.class.path" value="C:\Program Files\Java\jdk1.8.0_281\jre\lib\resources.jar;C:\Program Files\Java\jdk1.8.0_281\jre\lib\rt.jar;C:\Program Files\Java\jdk1.8.0_281\jre\lib\sunrsasign.jar;C:\Program Files\Java\jdk1.8.0_281\jre\lib\jsse.jar;C:\Program Files\Java\jdk1.8.0_281\jre\lib\jce.jar;C:\Program Files\Java\jdk1.8.0_281\jre\lib\charsets.jar;C:\Program Files\Java\jdk1.8.0_281\jre\lib\jfr.jar;C:\Program Files\Java\jdk1.8.0_281\jre\classes"/>
        <property name="sun.boot.library.path" value="C:\Program Files\Java\jdk1.8.0_281\jre\bin"/>
        <property name="sun.cpu.endian" value="little"/>
        <property name="sun.cpu.isalist" value="amd64"/>
        <property name="sun.desktop" value="windows"/>
        <property name="sun.io.unicode.encoding" value="UnicodeLittle"/>
        <property name="sun.java.command" value="J2SEPlatformProbe C:\Users\Edwin\AppData\Local\Temp\nb-platformdetect8790361932853716896properties"/>
        <property name="sun.java.launcher" value="SUN_STANDARD"/>
        <property name="sun.jnu.encoding" value="Cp1252"/>
        <property name="sun.management.compiler" value="HotSpot 64-Bit Tiered Compilers"/>
        <property name="sun.os.patch.level" value=""/>
        <property name="sun.stderr.encoding" value="cp850"/>
        <property name="sun.stdout.encoding" value="cp850"/>
        <property name="user.country" value="CO"/>
        <property name="user.dir" value=""/>
        <property name="user.home" value="C:\Users\Edwin"/>
        <property name="user.language" value="es"/>
        <property name="user.name" value="Edwin"/>
        <property name="user.script" value=""/>
        <property name="user.timezone" value="America/Bogota"/>
        <property name="user.variant" value=""/>
    </sysproperties>
</platform>
