<?xml version="1.0" encoding="UTF-8"?>
<!DOCTYPE module PUBLIC "-//NetBeans//DTD Module Status 1.0//EN"
                        "http://www.netbeans.org/dtds/module-status-1_0.dtd">
<module name="com.junichi11.netbeans.modules.rainbow.braces">
    <param name="autoload">false</param>
    <param name="eager">false</param>
    <param name="enabled">true</param>
    <param name="jar">modules/com-junichi11-netbeans-modules-rainbow-braces.jar</param>
    <param name="reloadable">false</param>
</module>
